{"cameraMode":{"drawMode":0,"name":"Shaded","section":"Shading Mode"},"sceneLighting":false,"audioPlay":false,"sceneViewState":{"showFog":true,"showMaterialUpdate":false,"showSkybox":false,"showFlares":true,"showImageEffects":true,"showParticleSystems":true},"in2DMode":false,"pivot":{"x":-1.4005205631256104,"y":4.737275123596191,"z":17.237777709960939},"rotation":{"x":0.05534918233752251,"y":-0.06882570683956146,"z":0.0038251541554927828,"w":0.9960848093032837},"size":22.06379508972168,"orthographic":false}