{"cameraMode":{"drawMode":0,"name":"Shaded","section":"Shading Mode"},"sceneLighting":false,"audioPlay":false,"sceneViewState":{"showFog":true,"showMaterialUpdate":false,"showSkybox":false,"showFlares":true,"showImageEffects":true,"showParticleSystems":true},"in2DMode":false,"pivot":{"x":-0.6055094003677368,"y":0.24218636751174928,"z":0.569827675819397},"rotation":{"x":0.10286234319210053,"y":0.7456191778182983,"z":-0.11842182278633118,"w":0.6476477980613709},"size":1.040225625038147,"orthographic":false}