{"cameraMode":{"drawMode":0,"name":"Shaded","section":"Shading Mode"},"sceneLighting":false,"audioPlay":false,"sceneViewState":{"showFog":true,"showMaterialUpdate":false,"showSkybox":false,"showFlares":true,"showImageEffects":true,"showParticleSystems":true},"in2DMode":false,"pivot":{"x":3.630507469177246,"y":1.3023602962493897,"z":4.582022190093994},"rotation":{"x":0.14639733731746674,"y":0.07232443243265152,"z":-0.010732409544289112,"w":0.9865200519561768},"size":1.513765573501587,"orthographic":false}