{"cameraMode":{"drawMode":0,"name":"Shaded","section":"Shading Mode"},"sceneLighting":false,"audioPlay":false,"sceneViewState":{"showFog":true,"showMaterialUpdate":false,"showSkybox":false,"showFlares":true,"showImageEffects":true,"showParticleSystems":true},"in2DMode":false,"pivot":{"x":1.1579999923706055,"y":1.5499999523162842,"z":5.520089626312256},"rotation":{"x":-0.12157835066318512,"y":-0.7985844016075134,"z":0.1722203940153122,"w":-0.5637568235397339},"size":2.645404815673828,"orthographic":false}