{"cameraMode":{"drawMode":0,"name":"Shaded","section":"Shading Mode"},"sceneLighting":false,"audioPlay":false,"sceneViewState":{"showFog":true,"showMaterialUpdate":false,"showSkybox":false,"showFlares":true,"showImageEffects":true,"showParticleSystems":true},"in2DMode":false,"pivot":{"x":0.282958984375,"y":3.15997314453125,"z":10.333000183105469},"rotation":{"x":-0.029994653537869455,"y":-0.009596637450158596,"z":0.0002876577200368047,"w":-0.9995039701461792},"size":7.379024982452393,"orthographic":false}