{"cameraMode":{"drawMode":0,"name":"Shaded","section":"Shading Mode"},"sceneLighting":false,"audioPlay":false,"sceneViewState":{"showFog":true,"showMaterialUpdate":false,"showSkybox":false,"showFlares":true,"showImageEffects":true,"showParticleSystems":true},"in2DMode":false,"pivot":{"x":1.8054040670394898,"y":5.018191337585449,"z":1.5124270915985108},"rotation":{"x":-0.03683837875723839,"y":0.8683841824531555,"z":-0.06526053696870804,"w":-0.4901968836784363},"size":2.2576982975006105,"orthographic":false}