{"cameraMode":{"drawMode":0,"name":"Shaded","section":"Shading Mode"},"sceneLighting":false,"audioPlay":false,"sceneViewState":{"showFog":true,"showMaterialUpdate":false,"showSkybox":false,"showFlares":true,"showImageEffects":true,"showParticleSystems":true},"in2DMode":false,"pivot":{"x":3.7211155891418459,"y":2.238314390182495,"z":0.0},"rotation":{"x":0.04812060296535492,"y":0.23305554687976838,"z":-0.011546858586370945,"w":0.9712035059928894},"size":4.115352630615234,"orthographic":false}